/home/zzh0838/CareerDevelop/AI2D/aosp-harness-demo/.spec/2026-08-31-aosp-harness-refactor/work/2026-09-03-03c-session-write-interrupts/2026-09-03-03c-session-write-interrupts/review-a8d3859f-648fe667.md	39e7583e65782c542bfe42f463ff78f50d18600a101af1ecdf1812fbaa1a173a	15424
/home/zzh0838/CareerDevelop/AI2D/aosp-harness-demo/.spec/2026-08-31-aosp-harness-refactor/work/2026-09-03-03c-session-write-interrupts/2026-09-03-03c-session-write-interrupts/task-1.2-brief.md	cb009f6ace222dd483ddabc9025212efa7507a8948a2e5d6b7ae28d2fd74c722	70888
/home/zzh0838/CareerDevelop/AI2D/aosp-harness-demo/.spec/2026-08-31-aosp-harness-refactor/work/2026-09-03-03c-session-write-interrupts/evidence/task-1.2-logs/absent-all.stderr	e3b0c44298fc1c149afbf4c8996fb92427ae41e4649b934ca495991b7852b855	0
/home/zzh0838/CareerDevelop/AI2D/aosp-harness-demo/.spec/2026-08-31-aosp-harness-refactor/work/2026-09-03-03c-session-write-interrupts/evidence/task-1.2-logs/absent-all.stdout	58319e73686f4f2284b7810f18b752e707dd73725aa297a3ead6156ad5398191	38
/home/zzh0838/CareerDevelop/AI2D/aosp-harness-demo/.spec/2026-08-31-aosp-harness-refactor/work/2026-09-03-03c-session-write-interrupts/evidence/task-1.2-logs/absent-count.stderr	4d23203043c89e5d3d7ce51803cddb725776226a1414d33e2201a8b2de8c6fa8	9
/home/zzh0838/CareerDevelop/AI2D/aosp-harness-demo/.spec/2026-08-31-aosp-harness-refactor/work/2026-09-03-03c-session-write-interrupts/evidence/task-1.2-logs/absent-count.stdout	58319e73686f4f2284b7810f18b752e707dd73725aa297a3ead6156ad5398191	38
/home/zzh0838/CareerDevelop/AI2D/aosp-harness-demo/.spec/2026-08-31-aosp-harness-refactor/work/2026-09-03-03c-session-write-interrupts/evidence/task-1.2-logs/absent-default.stderr	e3b0c44298fc1c149afbf4c8996fb92427ae41e4649b934ca495991b7852b855	0
/home/zzh0838/CareerDevelop/AI2D/aosp-harness-demo/.spec/2026-08-31-aosp-harness-refactor/work/2026-09-03-03c-session-write-interrupts/evidence/task-1.2-logs/absent-default.stdout	58319e73686f4f2284b7810f18b752e707dd73725aa297a3ead6156ad5398191	38
/home/zzh0838/CareerDevelop/AI2D/aosp-harness-demo/.spec/2026-08-31-aosp-harness-refactor/work/2026-09-03-03c-session-write-interrupts/evidence/task-1.2-logs/absent-dependency-absent.stderr	e3b0c44298fc1c149afbf4c8996fb92427ae41e4649b934ca495991b7852b855	0
/home/zzh0838/CareerDevelop/AI2D/aosp-harness-demo/.spec/2026-08-31-aosp-harness-refactor/work/2026-09-03-03c-session-write-interrupts/evidence/task-1.2-logs/absent-dependency-absent.stdout	58319e73686f4f2284b7810f18b752e707dd73725aa297a3ead6156ad5398191	38
/home/zzh0838/CareerDevelop/AI2D/aosp-harness-demo/.spec/2026-08-31-aosp-harness-refactor/work/2026-09-03-03c-session-write-interrupts/evidence/task-1.2-logs/all.stderr	e3b0c44298fc1c149afbf4c8996fb92427ae41e4649b934ca495991b7852b855	0
/home/zzh0838/CareerDevelop/AI2D/aosp-harness-demo/.spec/2026-08-31-aosp-harness-refactor/work/2026-09-03-03c-session-write-interrupts/evidence/task-1.2-logs/all.stdout	58319e73686f4f2284b7810f18b752e707dd73725aa297a3ead6156ad5398191	38
/home/zzh0838/CareerDevelop/AI2D/aosp-harness-demo/.spec/2026-08-31-aosp-harness-refactor/work/2026-09-03-03c-session-write-interrupts/evidence/task-1.2-logs/argv-bogus.stderr	e3b0c44298fc1c149afbf4c8996fb92427ae41e4649b934ca495991b7852b855	0
/home/zzh0838/CareerDevelop/AI2D/aosp-harness-demo/.spec/2026-08-31-aosp-harness-refactor/work/2026-09-03-03c-session-write-interrupts/evidence/task-1.2-logs/argv-bogus.stdout	e3b0c44298fc1c149afbf4c8996fb92427ae41e4649b934ca495991b7852b855	0
/home/zzh0838/CareerDevelop/AI2D/aosp-harness-demo/.spec/2026-08-31-aosp-harness-refactor/work/2026-09-03-03c-session-write-interrupts/evidence/task-1.2-logs/argv-extra.stderr	e3b0c44298fc1c149afbf4c8996fb92427ae41e4649b934ca495991b7852b855	0
/home/zzh0838/CareerDevelop/AI2D/aosp-harness-demo/.spec/2026-08-31-aosp-harness-refactor/work/2026-09-03-03c-session-write-interrupts/evidence/task-1.2-logs/argv-extra.stdout	e3b0c44298fc1c149afbf4c8996fb92427ae41e4649b934ca495991b7852b855	0
/home/zzh0838/CareerDevelop/AI2D/aosp-harness-demo/.spec/2026-08-31-aosp-harness-refactor/work/2026-09-03-03c-session-write-interrupts/evidence/task-1.2-logs/argv-flagvalue.stderr	e3b0c44298fc1c149afbf4c8996fb92427ae41e4649b934ca495991b7852b855	0
/home/zzh0838/CareerDevelop/AI2D/aosp-harness-demo/.spec/2026-08-31-aosp-harness-refactor/work/2026-09-03-03c-session-write-interrupts/evidence/task-1.2-logs/argv-flagvalue.stdout	e3b0c44298fc1c149afbf4c8996fb92427ae41e4649b934ca495991b7852b855	0
/home/zzh0838/CareerDevelop/AI2D/aosp-harness-demo/.spec/2026-08-31-aosp-harness-refactor/work/2026-09-03-03c-session-write-interrupts/evidence/task-1.2-logs/bash-n.stderr	e3b0c44298fc1c149afbf4c8996fb92427ae41e4649b934ca495991b7852b855	0
/home/zzh0838/CareerDevelop/AI2D/aosp-harness-demo/.spec/2026-08-31-aosp-harness-refactor/work/2026-09-03-03c-session-write-interrupts/evidence/task-1.2-logs/bash-n.stdout	e3b0c44298fc1c149afbf4c8996fb92427ae41e4649b934ca495991b7852b855	0
/home/zzh0838/CareerDevelop/AI2D/aosp-harness-demo/.spec/2026-08-31-aosp-harness-refactor/work/2026-09-03-03c-session-write-interrupts/evidence/task-1.2-logs/clone-e.stderr	10f4a7201de9bfde07cdd9bba4a4bf16d2d45e78b212f1be1510edff497924d5	40
/home/zzh0838/CareerDevelop/AI2D/aosp-harness-demo/.spec/2026-08-31-aosp-harness-refactor/work/2026-09-03-03c-session-write-interrupts/evidence/task-1.2-logs/clone-e.stdout	e3b0c44298fc1c149afbf4c8996fb92427ae41e4649b934ca495991b7852b855	0
/home/zzh0838/CareerDevelop/AI2D/aosp-harness-demo/.spec/2026-08-31-aosp-harness-refactor/work/2026-09-03-03c-session-write-interrupts/evidence/task-1.2-logs/clone-r.stderr	e0aaa6122df9e7f9d87e0817639b60259357e05221badeea891a6675f586c38c	40
/home/zzh0838/CareerDevelop/AI2D/aosp-harness-demo/.spec/2026-08-31-aosp-harness-refactor/work/2026-09-03-03c-session-write-interrupts/evidence/task-1.2-logs/clone-r.stdout	e3b0c44298fc1c149afbf4c8996fb92427ae41e4649b934ca495991b7852b855	0
/home/zzh0838/CareerDevelop/AI2D/aosp-harness-demo/.spec/2026-08-31-aosp-harness-refactor/work/2026-09-03-03c-session-write-interrupts/evidence/task-1.2-logs/count-all.stderr	af8141eb9da2a9eeabe46c59816f95609feee9accb5a040be886d037c7813ef4	11
/home/zzh0838/CareerDevelop/AI2D/aosp-harness-demo/.spec/2026-08-31-aosp-harness-refactor/work/2026-09-03-03c-session-write-interrupts/evidence/task-1.2-logs/count-all.stdout	58319e73686f4f2284b7810f18b752e707dd73725aa297a3ead6156ad5398191	38
/home/zzh0838/CareerDevelop/AI2D/aosp-harness-demo/.spec/2026-08-31-aosp-harness-refactor/work/2026-09-03-03c-session-write-interrupts/evidence/task-1.2-logs/count-default.stderr	af8141eb9da2a9eeabe46c59816f95609feee9accb5a040be886d037c7813ef4	11
/home/zzh0838/CareerDevelop/AI2D/aosp-harness-demo/.spec/2026-08-31-aosp-harness-refactor/work/2026-09-03-03c-session-write-interrupts/evidence/task-1.2-logs/count-default.stdout	58319e73686f4f2284b7810f18b752e707dd73725aa297a3ead6156ad5398191	38
/home/zzh0838/CareerDevelop/AI2D/aosp-harness-demo/.spec/2026-08-31-aosp-harness-refactor/work/2026-09-03-03c-session-write-interrupts/evidence/task-1.2-logs/default.stderr	e3b0c44298fc1c149afbf4c8996fb92427ae41e4649b934ca495991b7852b855	0
/home/zzh0838/CareerDevelop/AI2D/aosp-harness-demo/.spec/2026-08-31-aosp-harness-refactor/work/2026-09-03-03c-session-write-interrupts/evidence/task-1.2-logs/default.stdout	58319e73686f4f2284b7810f18b752e707dd73725aa297a3ead6156ad5398191	38
/home/zzh0838/CareerDevelop/AI2D/aosp-harness-demo/.spec/2026-08-31-aosp-harness-refactor/work/2026-09-03-03c-session-write-interrupts/evidence/task-1.2-logs/export-absent.stderr	e3b0c44298fc1c149afbf4c8996fb92427ae41e4649b934ca495991b7852b855	0
/home/zzh0838/CareerDevelop/AI2D/aosp-harness-demo/.spec/2026-08-31-aosp-harness-refactor/work/2026-09-03-03c-session-write-interrupts/evidence/task-1.2-logs/export-absent.stdout	58319e73686f4f2284b7810f18b752e707dd73725aa297a3ead6156ad5398191	38
/home/zzh0838/CareerDevelop/AI2D/aosp-harness-demo/.spec/2026-08-31-aosp-harness-refactor/work/2026-09-03-03c-session-write-interrupts/evidence/task-1.2-logs/flake-all-01.stderr	e3b0c44298fc1c149afbf4c8996fb92427ae41e4649b934ca495991b7852b855	0
/home/zzh0838/CareerDevelop/AI2D/aosp-harness-demo/.spec/2026-08-31-aosp-harness-refactor/work/2026-09-03-03c-session-write-interrupts/evidence/task-1.2-logs/flake-all-01.stdout	58319e73686f4f2284b7810f18b752e707dd73725aa297a3ead6156ad5398191	38
/home/zzh0838/CareerDevelop/AI2D/aosp-harness-demo/.spec/2026-08-31-aosp-harness-refactor/work/2026-09-03-03c-session-write-interrupts/evidence/task-1.2-logs/flake-all-02.stderr	e3b0c44298fc1c149afbf4c8996fb92427ae41e4649b934ca495991b7852b855	0
/home/zzh0838/CareerDevelop/AI2D/aosp-harness-demo/.spec/2026-08-31-aosp-harness-refactor/work/2026-09-03-03c-session-write-interrupts/evidence/task-1.2-logs/flake-all-02.stdout	58319e73686f4f2284b7810f18b752e707dd73725aa297a3ead6156ad5398191	38
/home/zzh0838/CareerDevelop/AI2D/aosp-harness-demo/.spec/2026-08-31-aosp-harness-refactor/work/2026-09-03-03c-session-write-interrupts/evidence/task-1.2-logs/flake-all-03.stderr	e3b0c44298fc1c149afbf4c8996fb92427ae41e4649b934ca495991b7852b855	0
/home/zzh0838/CareerDevelop/AI2D/aosp-harness-demo/.spec/2026-08-31-aosp-harness-refactor/work/2026-09-03-03c-session-write-interrupts/evidence/task-1.2-logs/flake-all-03.stdout	58319e73686f4f2284b7810f18b752e707dd73725aa297a3ead6156ad5398191	38
/home/zzh0838/CareerDevelop/AI2D/aosp-harness-demo/.spec/2026-08-31-aosp-harness-refactor/work/2026-09-03-03c-session-write-interrupts/evidence/task-1.2-logs/flake-all-04.stderr	e3b0c44298fc1c149afbf4c8996fb92427ae41e4649b934ca495991b7852b855	0
/home/zzh0838/CareerDevelop/AI2D/aosp-harness-demo/.spec/2026-08-31-aosp-harness-refactor/work/2026-09-03-03c-session-write-interrupts/evidence/task-1.2-logs/flake-all-04.stdout	58319e73686f4f2284b7810f18b752e707dd73725aa297a3ead6156ad5398191	38
/home/zzh0838/CareerDevelop/AI2D/aosp-harness-demo/.spec/2026-08-31-aosp-harness-refactor/work/2026-09-03-03c-session-write-interrupts/evidence/task-1.2-logs/flake-all-05.stderr	e3b0c44298fc1c149afbf4c8996fb92427ae41e4649b934ca495991b7852b855	0
/home/zzh0838/CareerDevelop/AI2D/aosp-harness-demo/.spec/2026-08-31-aosp-harness-refactor/work/2026-09-03-03c-session-write-interrupts/evidence/task-1.2-logs/flake-all-05.stdout	58319e73686f4f2284b7810f18b752e707dd73725aa297a3ead6156ad5398191	38
/home/zzh0838/CareerDevelop/AI2D/aosp-harness-demo/.spec/2026-08-31-aosp-harness-refactor/work/2026-09-03-03c-session-write-interrupts/evidence/task-1.2-logs/flake-all-06.stderr	e3b0c44298fc1c149afbf4c8996fb92427ae41e4649b934ca495991b7852b855	0
/home/zzh0838/CareerDevelop/AI2D/aosp-harness-demo/.spec/2026-08-31-aosp-harness-refactor/work/2026-09-03-03c-session-write-interrupts/evidence/task-1.2-logs/flake-all-06.stdout	58319e73686f4f2284b7810f18b752e707dd73725aa297a3ead6156ad5398191	38
/home/zzh0838/CareerDevelop/AI2D/aosp-harness-demo/.spec/2026-08-31-aosp-harness-refactor/work/2026-09-03-03c-session-write-interrupts/evidence/task-1.2-logs/flake-all-07.stderr	e3b0c44298fc1c149afbf4c8996fb92427ae41e4649b934ca495991b7852b855	0
/home/zzh0838/CareerDevelop/AI2D/aosp-harness-demo/.spec/2026-08-31-aosp-harness-refactor/work/2026-09-03-03c-session-write-interrupts/evidence/task-1.2-logs/flake-all-07.stdout	58319e73686f4f2284b7810f18b752e707dd73725aa297a3ead6156ad5398191	38
/home/zzh0838/CareerDevelop/AI2D/aosp-harness-demo/.spec/2026-08-31-aosp-harness-refactor/work/2026-09-03-03c-session-write-interrupts/evidence/task-1.2-logs/flake-all-08.stderr	e3b0c44298fc1c149afbf4c8996fb92427ae41e4649b934ca495991b7852b855	0
/home/zzh0838/CareerDevelop/AI2D/aosp-harness-demo/.spec/2026-08-31-aosp-harness-refactor/work/2026-09-03-03c-session-write-interrupts/evidence/task-1.2-logs/flake-all-08.stdout	58319e73686f4f2284b7810f18b752e707dd73725aa297a3ead6156ad5398191	38
/home/zzh0838/CareerDevelop/AI2D/aosp-harness-demo/.spec/2026-08-31-aosp-harness-refactor/work/2026-09-03-03c-session-write-interrupts/evidence/task-1.2-logs/flake-all-09.stderr	e3b0c44298fc1c149afbf4c8996fb92427ae41e4649b934ca495991b7852b855	0
/home/zzh0838/CareerDevelop/AI2D/aosp-harness-demo/.spec/2026-08-31-aosp-harness-refactor/work/2026-09-03-03c-session-write-interrupts/evidence/task-1.2-logs/flake-all-09.stdout	58319e73686f4f2284b7810f18b752e707dd73725aa297a3ead6156ad5398191	38
/home/zzh0838/CareerDevelop/AI2D/aosp-harness-demo/.spec/2026-08-31-aosp-harness-refactor/work/2026-09-03-03c-session-write-interrupts/evidence/task-1.2-logs/flake-all-10.stderr	e3b0c44298fc1c149afbf4c8996fb92427ae41e4649b934ca495991b7852b855	0
/home/zzh0838/CareerDevelop/AI2D/aosp-harness-demo/.spec/2026-08-31-aosp-harness-refactor/work/2026-09-03-03c-session-write-interrupts/evidence/task-1.2-logs/flake-all-10.stdout	58319e73686f4f2284b7810f18b752e707dd73725aa297a3ead6156ad5398191	38
/home/zzh0838/CareerDevelop/AI2D/aosp-harness-demo/.spec/2026-08-31-aosp-harness-refactor/work/2026-09-03-03c-session-write-interrupts/evidence/task-1.2-logs/flake-default-01.stderr	e3b0c44298fc1c149afbf4c8996fb92427ae41e4649b934ca495991b7852b855	0
/home/zzh0838/CareerDevelop/AI2D/aosp-harness-demo/.spec/2026-08-31-aosp-harness-refactor/work/2026-09-03-03c-session-write-interrupts/evidence/task-1.2-logs/flake-default-01.stdout	58319e73686f4f2284b7810f18b752e707dd73725aa297a3ead6156ad5398191	38
/home/zzh0838/CareerDevelop/AI2D/aosp-harness-demo/.spec/2026-08-31-aosp-harness-refactor/work/2026-09-03-03c-session-write-interrupts/evidence/task-1.2-logs/flake-default-02.stderr	e3b0c44298fc1c149afbf4c8996fb92427ae41e4649b934ca495991b7852b855	0
/home/zzh0838/CareerDevelop/AI2D/aosp-harness-demo/.spec/2026-08-31-aosp-harness-refactor/work/2026-09-03-03c-session-write-interrupts/evidence/task-1.2-logs/flake-default-02.stdout	58319e73686f4f2284b7810f18b752e707dd73725aa297a3ead6156ad5398191	38
/home/zzh0838/CareerDevelop/AI2D/aosp-harness-demo/.spec/2026-08-31-aosp-harness-refactor/work/2026-09-03-03c-session-write-interrupts/evidence/task-1.2-logs/flake-default-03.stderr	e3b0c44298fc1c149afbf4c8996fb92427ae41e4649b934ca495991b7852b855	0
/home/zzh0838/CareerDevelop/AI2D/aosp-harness-demo/.spec/2026-08-31-aosp-harness-refactor/work/2026-09-03-03c-session-write-interrupts/evidence/task-1.2-logs/flake-default-03.stdout	58319e73686f4f2284b7810f18b752e707dd73725aa297a3ead6156ad5398191	38
/home/zzh0838/CareerDevelop/AI2D/aosp-harness-demo/.spec/2026-08-31-aosp-harness-refactor/work/2026-09-03-03c-session-write-interrupts/evidence/task-1.2-logs/flake-default-04.stderr	e3b0c44298fc1c149afbf4c8996fb92427ae41e4649b934ca495991b7852b855	0
/home/zzh0838/CareerDevelop/AI2D/aosp-harness-demo/.spec/2026-08-31-aosp-harness-refactor/work/2026-09-03-03c-session-write-interrupts/evidence/task-1.2-logs/flake-default-04.stdout	58319e73686f4f2284b7810f18b752e707dd73725aa297a3ead6156ad5398191	38
/home/zzh0838/CareerDevelop/AI2D/aosp-harness-demo/.spec/2026-08-31-aosp-harness-refactor/work/2026-09-03-03c-session-write-interrupts/evidence/task-1.2-logs/flake-default-05.stderr	e3b0c44298fc1c149afbf4c8996fb92427ae41e4649b934ca495991b7852b855	0
/home/zzh0838/CareerDevelop/AI2D/aosp-harness-demo/.spec/2026-08-31-aosp-harness-refactor/work/2026-09-03-03c-session-write-interrupts/evidence/task-1.2-logs/flake-default-05.stdout	58319e73686f4f2284b7810f18b752e707dd73725aa297a3ead6156ad5398191	38
/home/zzh0838/CareerDevelop/AI2D/aosp-harness-demo/.spec/2026-08-31-aosp-harness-refactor/work/2026-09-03-03c-session-write-interrupts/evidence/task-1.2-logs/flake-default-06.stderr	e3b0c44298fc1c149afbf4c8996fb92427ae41e4649b934ca495991b7852b855	0
/home/zzh0838/CareerDevelop/AI2D/aosp-harness-demo/.spec/2026-08-31-aosp-harness-refactor/work/2026-09-03-03c-session-write-interrupts/evidence/task-1.2-logs/flake-default-06.stdout	58319e73686f4f2284b7810f18b752e707dd73725aa297a3ead6156ad5398191	38
/home/zzh0838/CareerDevelop/AI2D/aosp-harness-demo/.spec/2026-08-31-aosp-harness-refactor/work/2026-09-03-03c-session-write-interrupts/evidence/task-1.2-logs/flake-default-07.stderr	e3b0c44298fc1c149afbf4c8996fb92427ae41e4649b934ca495991b7852b855	0
/home/zzh0838/CareerDevelop/AI2D/aosp-harness-demo/.spec/2026-08-31-aosp-harness-refactor/work/2026-09-03-03c-session-write-interrupts/evidence/task-1.2-logs/flake-default-07.stdout	58319e73686f4f2284b7810f18b752e707dd73725aa297a3ead6156ad5398191	38
/home/zzh0838/CareerDevelop/AI2D/aosp-harness-demo/.spec/2026-08-31-aosp-harness-refactor/work/2026-09-03-03c-session-write-interrupts/evidence/task-1.2-logs/flake-default-08.stderr	e3b0c44298fc1c149afbf4c8996fb92427ae41e4649b934ca495991b7852b855	0
/home/zzh0838/CareerDevelop/AI2D/aosp-harness-demo/.spec/2026-08-31-aosp-harness-refactor/work/2026-09-03-03c-session-write-interrupts/evidence/task-1.2-logs/flake-default-08.stdout	58319e73686f4f2284b7810f18b752e707dd73725aa297a3ead6156ad5398191	38
/home/zzh0838/CareerDevelop/AI2D/aosp-harness-demo/.spec/2026-08-31-aosp-harness-refactor/work/2026-09-03-03c-session-write-interrupts/evidence/task-1.2-logs/flake-default-09.stderr	e3b0c44298fc1c149afbf4c8996fb92427ae41e4649b934ca495991b7852b855	0
/home/zzh0838/CareerDevelop/AI2D/aosp-harness-demo/.spec/2026-08-31-aosp-harness-refactor/work/2026-09-03-03c-session-write-interrupts/evidence/task-1.2-logs/flake-default-09.stdout	58319e73686f4f2284b7810f18b752e707dd73725aa297a3ead6156ad5398191	38
/home/zzh0838/CareerDevelop/AI2D/aosp-harness-demo/.spec/2026-08-31-aosp-harness-refactor/work/2026-09-03-03c-session-write-interrupts/evidence/task-1.2-logs/flake-default-10.stderr	e3b0c44298fc1c149afbf4c8996fb92427ae41e4649b934ca495991b7852b855	0
/home/zzh0838/CareerDevelop/AI2D/aosp-harness-demo/.spec/2026-08-31-aosp-harness-refactor/work/2026-09-03-03c-session-write-interrupts/evidence/task-1.2-logs/flake-default-10.stdout	58319e73686f4f2284b7810f18b752e707dd73725aa297a3ead6156ad5398191	38
/home/zzh0838/CareerDevelop/AI2D/aosp-harness-demo/.spec/2026-08-31-aosp-harness-refactor/work/2026-09-03-03c-session-write-interrupts/evidence/task-1.2-logs/git-diff-check.stderr	e3b0c44298fc1c149afbf4c8996fb92427ae41e4649b934ca495991b7852b855	0
/home/zzh0838/CareerDevelop/AI2D/aosp-harness-demo/.spec/2026-08-31-aosp-harness-refactor/work/2026-09-03-03c-session-write-interrupts/evidence/task-1.2-logs/git-diff-check.stdout	e3b0c44298fc1c149afbf4c8996fb92427ae41e4649b934ca495991b7852b855	0
/home/zzh0838/CareerDevelop/AI2D/aosp-harness-demo/.spec/2026-08-31-aosp-harness-refactor/work/2026-09-03-03c-session-write-interrupts/evidence/task-1.2-logs/mutant-a.stderr	600be0a9f3dbb7b6ee8f53a967191be9d54a3c8f860fd8bae35c9f233db2617a	309
/home/zzh0838/CareerDevelop/AI2D/aosp-harness-demo/.spec/2026-08-31-aosp-harness-refactor/work/2026-09-03-03c-session-write-interrupts/evidence/task-1.2-logs/mutant-a.stdout	220ebd33a5a4c51285348a4ac27b5f9a2ce2dbe48e76e3bd73f3799328ae8e94	59
/home/zzh0838/CareerDevelop/AI2D/aosp-harness-demo/.spec/2026-08-31-aosp-harness-refactor/work/2026-09-03-03c-session-write-interrupts/evidence/task-1.2-logs/mutant-b.stderr	7d1c56caf41c7b48edcf4b5bef4f8be847b014cb1d1627143c779d657e1173fa	659
/home/zzh0838/CareerDevelop/AI2D/aosp-harness-demo/.spec/2026-08-31-aosp-harness-refactor/work/2026-09-03-03c-session-write-interrupts/evidence/task-1.2-logs/mutant-b.stdout	f61733fa01c27ac53a28b6f1a57682a39b7601a5cdb92e752e99913799c4fc7e	60
/home/zzh0838/CareerDevelop/AI2D/aosp-harness-demo/.spec/2026-08-31-aosp-harness-refactor/work/2026-09-03-03c-session-write-interrupts/evidence/task-1.2-logs/red.stderr	d8c5bc9d95e262e357ebde2eb9ac7ff683ae62a8eb431c61cb40f38d8447507f	63
/home/zzh0838/CareerDevelop/AI2D/aosp-harness-demo/.spec/2026-08-31-aosp-harness-refactor/work/2026-09-03-03c-session-write-interrupts/evidence/task-1.2-logs/red.stdout	e3b0c44298fc1c149afbf4c8996fb92427ae41e4649b934ca495991b7852b855	0
/home/zzh0838/CareerDevelop/AI2D/aosp-harness-demo/.spec/2026-08-31-aosp-harness-refactor/work/2026-09-03-03c-session-write-interrupts/evidence/task-1.2-logs/review-package.stderr	e3b0c44298fc1c149afbf4c8996fb92427ae41e4649b934ca495991b7852b855	0
/home/zzh0838/CareerDevelop/AI2D/aosp-harness-demo/.spec/2026-08-31-aosp-harness-refactor/work/2026-09-03-03c-session-write-interrupts/evidence/task-1.2-logs/review-package.stdout	d318abc84fdb4d5c880d1218af18a9657ed8444cef8bbd91336054e12982ff89	203
/home/zzh0838/CareerDevelop/AI2D/aosp-harness-demo/.spec/2026-08-31-aosp-harness-refactor/work/2026-09-03-03c-session-write-interrupts/evidence/task-1.2-logs/shellcheck.stderr	e3b0c44298fc1c149afbf4c8996fb92427ae41e4649b934ca495991b7852b855	0
/home/zzh0838/CareerDevelop/AI2D/aosp-harness-demo/.spec/2026-08-31-aosp-harness-refactor/work/2026-09-03-03c-session-write-interrupts/evidence/task-1.2-logs/shellcheck.stdout	e3b0c44298fc1c149afbf4c8996fb92427ae41e4649b934ca495991b7852b855	0
/home/zzh0838/CareerDevelop/AI2D/aosp-harness-demo/.spec/2026-08-31-aosp-harness-refactor/work/2026-09-03-03c-session-write-interrupts/evidence/task-1.2-logs/shfmt.stderr	e3b0c44298fc1c149afbf4c8996fb92427ae41e4649b934ca495991b7852b855	0
/home/zzh0838/CareerDevelop/AI2D/aosp-harness-demo/.spec/2026-08-31-aosp-harness-refactor/work/2026-09-03-03c-session-write-interrupts/evidence/task-1.2-logs/shfmt.stdout	e3b0c44298fc1c149afbf4c8996fb92427ae41e4649b934ca495991b7852b855	0
/home/zzh0838/CareerDevelop/AI2D/aosp-harness-demo/.spec/2026-08-31-aosp-harness-refactor/work/2026-09-03-03c-session-write-interrupts/evidence/task-1.2-red.txt	05457e56abe8212958e662a430dff1bfd61eebd179c6955a57e383f2fc340888	436
/home/zzh0838/CareerDevelop/AI2D/aosp-harness-demo/.spec/2026-08-31-aosp-harness-refactor/work/2026-09-03-03c-session-write-interrupts/task-1.2-report.md	e5b49438bb903731d86bca3ee1155ea8a34d8e0d698bc41b6f19f4cb790db17d	5607
